{
  "": {
    "dependencies": "/Users/mac/Desktop/Swift/Client/swift-protobuf/.build/x86_64-apple-macosx/release/protoc_gen_swift.build/protoc_gen_swift.d",
    "object": "/Users/mac/Desktop/Swift/Client/swift-protobuf/.build/x86_64-apple-macosx/release/protoc_gen_swift.build/protoc_gen_swift.o",
    "swift-dependencies": "/Users/mac/Desktop/Swift/Client/swift-protobuf/.build/x86_64-apple-macosx/release/protoc_gen_swift.build/master.swiftdeps"
  },
  "/Users/mac/Desktop/Swift/Client/swift-protobuf/Sources/protoc-gen-swift/CommandLine+Extensions.swift": {
    "object": "/Users/mac/Desktop/Swift/Client/swift-protobuf/.build/x86_64-apple-macosx/release/protoc_gen_swift.build/CommandLine+Extensions.swift.o",
    "swiftmodule": "/Users/mac/Desktop/Swift/Client/swift-protobuf/.build/x86_64-apple-macosx/release/protoc_gen_swift.build/CommandLine+Extensions~partial.swiftmodule",
    "swift-dependencies": "/Users/mac/Desktop/Swift/Client/swift-protobuf/.build/x86_64-apple-macosx/release/protoc_gen_swift.build/CommandLine+Extensions.swiftdeps"
  },
  "/Users/mac/Desktop/Swift/Client/swift-protobuf/Sources/protoc-gen-swift/Descriptor+Extensions.swift": {
    "object": "/Users/mac/Desktop/Swift/Client/swift-protobuf/.build/x86_64-apple-macosx/release/protoc_gen_swift.build/Descriptor+Extensions.swift.o",
    "swiftmodule": "/Users/mac/Desktop/Swift/Client/swift-protobuf/.build/x86_64-apple-macosx/release/protoc_gen_swift.build/Descriptor+Extensions~partial.swiftmodule",
    "swift-dependencies": "/Users/mac/Desktop/Swift/Client/swift-protobuf/.build/x86_64-apple-macosx/release/protoc_gen_swift.build/Descriptor+Extensions.swiftdeps"
  },
  "/Users/mac/Desktop/Swift/Client/swift-protobuf/Sources/protoc-gen-swift/EnumGenerator.swift": {
    "object": "/Users/mac/Desktop/Swift/Client/swift-protobuf/.build/x86_64-apple-macosx/release/protoc_gen_swift.build/EnumGenerator.swift.o",
    "swiftmodule": "/Users/mac/Desktop/Swift/Client/swift-protobuf/.build/x86_64-apple-macosx/release/protoc_gen_swift.build/EnumGenerator~partial.swiftmodule",
    "swift-dependencies": "/Users/mac/Desktop/Swift/Client/swift-protobuf/.build/x86_64-apple-macosx/release/protoc_gen_swift.build/EnumGenerator.swiftdeps"
  },
  "/Users/mac/Desktop/Swift/Client/swift-protobuf/Sources/protoc-gen-swift/ExtensionSetGenerator.swift": {
    "object": "/Users/mac/Desktop/Swift/Client/swift-protobuf/.build/x86_64-apple-macosx/release/protoc_gen_swift.build/ExtensionSetGenerator.swift.o",
    "swiftmodule": "/Users/mac/Desktop/Swift/Client/swift-protobuf/.build/x86_64-apple-macosx/release/protoc_gen_swift.build/ExtensionSetGenerator~partial.swiftmodule",
    "swift-dependencies": "/Users/mac/Desktop/Swift/Client/swift-protobuf/.build/x86_64-apple-macosx/release/protoc_gen_swift.build/ExtensionSetGenerator.swiftdeps"
  },
  "/Users/mac/Desktop/Swift/Client/swift-protobuf/Sources/protoc-gen-swift/FieldGenerator.swift": {
    "object": "/Users/mac/Desktop/Swift/Client/swift-protobuf/.build/x86_64-apple-macosx/release/protoc_gen_swift.build/FieldGenerator.swift.o",
    "swiftmodule": "/Users/mac/Desktop/Swift/Client/swift-protobuf/.build/x86_64-apple-macosx/release/protoc_gen_swift.build/FieldGenerator~partial.swiftmodule",
    "swift-dependencies": "/Users/mac/Desktop/Swift/Client/swift-protobuf/.build/x86_64-apple-macosx/release/protoc_gen_swift.build/FieldGenerator.swiftdeps"
  },
  "/Users/mac/Desktop/Swift/Client/swift-protobuf/Sources/protoc-gen-swift/FileGenerator.swift": {
    "object": "/Users/mac/Desktop/Swift/Client/swift-protobuf/.build/x86_64-apple-macosx/release/protoc_gen_swift.build/FileGenerator.swift.o",
    "swiftmodule": "/Users/mac/Desktop/Swift/Client/swift-protobuf/.build/x86_64-apple-macosx/release/protoc_gen_swift.build/FileGenerator~partial.swiftmodule",
    "swift-dependencies": "/Users/mac/Desktop/Swift/Client/swift-protobuf/.build/x86_64-apple-macosx/release/protoc_gen_swift.build/FileGenerator.swiftdeps"
  },
  "/Users/mac/Desktop/Swift/Client/swift-protobuf/Sources/protoc-gen-swift/FileIo.swift": {
    "object": "/Users/mac/Desktop/Swift/Client/swift-protobuf/.build/x86_64-apple-macosx/release/protoc_gen_swift.build/FileIo.swift.o",
    "swiftmodule": "/Users/mac/Desktop/Swift/Client/swift-protobuf/.build/x86_64-apple-macosx/release/protoc_gen_swift.build/FileIo~partial.swiftmodule",
    "swift-dependencies": "/Users/mac/Desktop/Swift/Client/swift-protobuf/.build/x86_64-apple-macosx/release/protoc_gen_swift.build/FileIo.swiftdeps"
  },
  "/Users/mac/Desktop/Swift/Client/swift-protobuf/Sources/protoc-gen-swift/GenerationError.swift": {
    "object": "/Users/mac/Desktop/Swift/Client/swift-protobuf/.build/x86_64-apple-macosx/release/protoc_gen_swift.build/GenerationError.swift.o",
    "swiftmodule": "/Users/mac/Desktop/Swift/Client/swift-protobuf/.build/x86_64-apple-macosx/release/protoc_gen_swift.build/GenerationError~partial.swiftmodule",
    "swift-dependencies": "/Users/mac/Desktop/Swift/Client/swift-protobuf/.build/x86_64-apple-macosx/release/protoc_gen_swift.build/GenerationError.swiftdeps"
  },
  "/Users/mac/Desktop/Swift/Client/swift-protobuf/Sources/protoc-gen-swift/GeneratorOptions.swift": {
    "object": "/Users/mac/Desktop/Swift/Client/swift-protobuf/.build/x86_64-apple-macosx/release/protoc_gen_swift.build/GeneratorOptions.swift.o",
    "swiftmodule": "/Users/mac/Desktop/Swift/Client/swift-protobuf/.build/x86_64-apple-macosx/release/protoc_gen_swift.build/GeneratorOptions~partial.swiftmodule",
    "swift-dependencies": "/Users/mac/Desktop/Swift/Client/swift-protobuf/.build/x86_64-apple-macosx/release/protoc_gen_swift.build/GeneratorOptions.swiftdeps"
  },
  "/Users/mac/Desktop/Swift/Client/swift-protobuf/Sources/protoc-gen-swift/Google_Protobuf_DescriptorProto+Extensions.swift": {
    "object": "/Users/mac/Desktop/Swift/Client/swift-protobuf/.build/x86_64-apple-macosx/release/protoc_gen_swift.build/Google_Protobuf_DescriptorProto+Extensions.swift.o",
    "swiftmodule": "/Users/mac/Desktop/Swift/Client/swift-protobuf/.build/x86_64-apple-macosx/release/protoc_gen_swift.build/Google_Protobuf_DescriptorProto+Extensions~partial.swiftmodule",
    "swift-dependencies": "/Users/mac/Desktop/Swift/Client/swift-protobuf/.build/x86_64-apple-macosx/release/protoc_gen_swift.build/Google_Protobuf_DescriptorProto+Extensions.swiftdeps"
  },
  "/Users/mac/Desktop/Swift/Client/swift-protobuf/Sources/protoc-gen-swift/Google_Protobuf_FileDescriptorProto+Extensions.swift": {
    "object": "/Users/mac/Desktop/Swift/Client/swift-protobuf/.build/x86_64-apple-macosx/release/protoc_gen_swift.build/Google_Protobuf_FileDescriptorProto+Extensions.swift.o",
    "swiftmodule": "/Users/mac/Desktop/Swift/Client/swift-protobuf/.build/x86_64-apple-macosx/release/protoc_gen_swift.build/Google_Protobuf_FileDescriptorProto+Extensions~partial.swiftmodule",
    "swift-dependencies": "/Users/mac/Desktop/Swift/Client/swift-protobuf/.build/x86_64-apple-macosx/release/protoc_gen_swift.build/Google_Protobuf_FileDescriptorProto+Extensions.swiftdeps"
  },
  "/Users/mac/Desktop/Swift/Client/swift-protobuf/Sources/protoc-gen-swift/MessageFieldGenerator.swift": {
    "object": "/Users/mac/Desktop/Swift/Client/swift-protobuf/.build/x86_64-apple-macosx/release/protoc_gen_swift.build/MessageFieldGenerator.swift.o",
    "swiftmodule": "/Users/mac/Desktop/Swift/Client/swift-protobuf/.build/x86_64-apple-macosx/release/protoc_gen_swift.build/MessageFieldGenerator~partial.swiftmodule",
    "swift-dependencies": "/Users/mac/Desktop/Swift/Client/swift-protobuf/.build/x86_64-apple-macosx/release/protoc_gen_swift.build/MessageFieldGenerator.swiftdeps"
  },
  "/Users/mac/Desktop/Swift/Client/swift-protobuf/Sources/protoc-gen-swift/MessageGenerator.swift": {
    "object": "/Users/mac/Desktop/Swift/Client/swift-protobuf/.build/x86_64-apple-macosx/release/protoc_gen_swift.build/MessageGenerator.swift.o",
    "swiftmodule": "/Users/mac/Desktop/Swift/Client/swift-protobuf/.build/x86_64-apple-macosx/release/protoc_gen_swift.build/MessageGenerator~partial.swiftmodule",
    "swift-dependencies": "/Users/mac/Desktop/Swift/Client/swift-protobuf/.build/x86_64-apple-macosx/release/protoc_gen_swift.build/MessageGenerator.swiftdeps"
  },
  "/Users/mac/Desktop/Swift/Client/swift-protobuf/Sources/protoc-gen-swift/MessageStorageClassGenerator.swift": {
    "object": "/Users/mac/Desktop/Swift/Client/swift-protobuf/.build/x86_64-apple-macosx/release/protoc_gen_swift.build/MessageStorageClassGenerator.swift.o",
    "swiftmodule": "/Users/mac/Desktop/Swift/Client/swift-protobuf/.build/x86_64-apple-macosx/release/protoc_gen_swift.build/MessageStorageClassGenerator~partial.swiftmodule",
    "swift-dependencies": "/Users/mac/Desktop/Swift/Client/swift-protobuf/.build/x86_64-apple-macosx/release/protoc_gen_swift.build/MessageStorageClassGenerator.swiftdeps"
  },
  "/Users/mac/Desktop/Swift/Client/swift-protobuf/Sources/protoc-gen-swift/MessageStorageDecision.swift": {
    "object": "/Users/mac/Desktop/Swift/Client/swift-protobuf/.build/x86_64-apple-macosx/release/protoc_gen_swift.build/MessageStorageDecision.swift.o",
    "swiftmodule": "/Users/mac/Desktop/Swift/Client/swift-protobuf/.build/x86_64-apple-macosx/release/protoc_gen_swift.build/MessageStorageDecision~partial.swiftmodule",
    "swift-dependencies": "/Users/mac/Desktop/Swift/Client/swift-protobuf/.build/x86_64-apple-macosx/release/protoc_gen_swift.build/MessageStorageDecision.swiftdeps"
  },
  "/Users/mac/Desktop/Swift/Client/swift-protobuf/Sources/protoc-gen-swift/OneofGenerator.swift": {
    "object": "/Users/mac/Desktop/Swift/Client/swift-protobuf/.build/x86_64-apple-macosx/release/protoc_gen_swift.build/OneofGenerator.swift.o",
    "swiftmodule": "/Users/mac/Desktop/Swift/Client/swift-protobuf/.build/x86_64-apple-macosx/release/protoc_gen_swift.build/OneofGenerator~partial.swiftmodule",
    "swift-dependencies": "/Users/mac/Desktop/Swift/Client/swift-protobuf/.build/x86_64-apple-macosx/release/protoc_gen_swift.build/OneofGenerator.swiftdeps"
  },
  "/Users/mac/Desktop/Swift/Client/swift-protobuf/Sources/protoc-gen-swift/StringUtils.swift": {
    "object": "/Users/mac/Desktop/Swift/Client/swift-protobuf/.build/x86_64-apple-macosx/release/protoc_gen_swift.build/StringUtils.swift.o",
    "swiftmodule": "/Users/mac/Desktop/Swift/Client/swift-protobuf/.build/x86_64-apple-macosx/release/protoc_gen_swift.build/StringUtils~partial.swiftmodule",
    "swift-dependencies": "/Users/mac/Desktop/Swift/Client/swift-protobuf/.build/x86_64-apple-macosx/release/protoc_gen_swift.build/StringUtils.swiftdeps"
  },
  "/Users/mac/Desktop/Swift/Client/swift-protobuf/Sources/protoc-gen-swift/Version.swift": {
    "object": "/Users/mac/Desktop/Swift/Client/swift-protobuf/.build/x86_64-apple-macosx/release/protoc_gen_swift.build/Version.swift.o",
    "swiftmodule": "/Users/mac/Desktop/Swift/Client/swift-protobuf/.build/x86_64-apple-macosx/release/protoc_gen_swift.build/Version~partial.swiftmodule",
    "swift-dependencies": "/Users/mac/Desktop/Swift/Client/swift-protobuf/.build/x86_64-apple-macosx/release/protoc_gen_swift.build/Version.swiftdeps"
  },
  "/Users/mac/Desktop/Swift/Client/swift-protobuf/Sources/protoc-gen-swift/main.swift": {
    "object": "/Users/mac/Desktop/Swift/Client/swift-protobuf/.build/x86_64-apple-macosx/release/protoc_gen_swift.build/main.swift.o",
    "swiftmodule": "/Users/mac/Desktop/Swift/Client/swift-protobuf/.build/x86_64-apple-macosx/release/protoc_gen_swift.build/main~partial.swiftmodule",
    "swift-dependencies": "/Users/mac/Desktop/Swift/Client/swift-protobuf/.build/x86_64-apple-macosx/release/protoc_gen_swift.build/main.swiftdeps"
  }
}
