{
  "builtTestProducts" : [
    {
      "binaryPath" : "\/Users\/mac\/Desktop\/Swift\/Client\/swift-protobuf\/.build\/x86_64-apple-macosx\/release\/SwiftProtobufPackageTests.xctest\/Contents\/MacOS\/SwiftProtobufPackageTests",
      "packageName" : "SwiftProtobuf",
      "productName" : "SwiftProtobufPackageTests"
    }
  ],
  "copyCommands" : {

  },
  "swiftTargetMap" : {
    "C.Conformance-release.module" : "Conformance",
    "C.protoc-gen-swift-release.module" : "protoc-gen-swift",
    "C.SwiftProtobuf-release.module" : "SwiftProtobuf",
    "C.SwiftProtobufPluginLibrary-release.module" : "SwiftProtobufPluginLibrary",
    "C.SwiftProtobufPluginLibraryTests-release.module" : "SwiftProtobufPluginLibraryTests",
    "C.SwiftProtobufTests-release.module" : "SwiftProtobufTests"
  },
  "testDiscoveryCommands" : {

  }
}