{
  "": {
    "dependencies": "/Users/mac/Desktop/Swift/Client/swift-protobuf/.build/x86_64-apple-macosx/release/SwiftProtobufPluginLibrary.build/SwiftProtobufPluginLibrary.d",
    "object": "/Users/mac/Desktop/Swift/Client/swift-protobuf/.build/x86_64-apple-macosx/release/SwiftProtobufPluginLibrary.build/SwiftProtobufPluginLibrary.o",
    "swift-dependencies": "/Users/mac/Desktop/Swift/Client/swift-protobuf/.build/x86_64-apple-macosx/release/SwiftProtobufPluginLibrary.build/master.swiftdeps"
  },
  "/Users/mac/Desktop/Swift/Client/swift-protobuf/Sources/SwiftProtobufPluginLibrary/Array+Extensions.swift": {
    "object": "/Users/mac/Desktop/Swift/Client/swift-protobuf/.build/x86_64-apple-macosx/release/SwiftProtobufPluginLibrary.build/Array+Extensions.swift.o",
    "swiftmodule": "/Users/mac/Desktop/Swift/Client/swift-protobuf/.build/x86_64-apple-macosx/release/SwiftProtobufPluginLibrary.build/Array+Extensions~partial.swiftmodule",
    "swift-dependencies": "/Users/mac/Desktop/Swift/Client/swift-protobuf/.build/x86_64-apple-macosx/release/SwiftProtobufPluginLibrary.build/Array+Extensions.swiftdeps"
  },
  "/Users/mac/Desktop/Swift/Client/swift-protobuf/Sources/SwiftProtobufPluginLibrary/CodePrinter.swift": {
    "object": "/Users/mac/Desktop/Swift/Client/swift-protobuf/.build/x86_64-apple-macosx/release/SwiftProtobufPluginLibrary.build/CodePrinter.swift.o",
    "swiftmodule": "/Users/mac/Desktop/Swift/Client/swift-protobuf/.build/x86_64-apple-macosx/release/SwiftProtobufPluginLibrary.build/CodePrinter~partial.swiftmodule",
    "swift-dependencies": "/Users/mac/Desktop/Swift/Client/swift-protobuf/.build/x86_64-apple-macosx/release/SwiftProtobufPluginLibrary.build/CodePrinter.swiftdeps"
  },
  "/Users/mac/Desktop/Swift/Client/swift-protobuf/Sources/SwiftProtobufPluginLibrary/Descriptor+Extensions.swift": {
    "object": "/Users/mac/Desktop/Swift/Client/swift-protobuf/.build/x86_64-apple-macosx/release/SwiftProtobufPluginLibrary.build/Descriptor+Extensions.swift.o",
    "swiftmodule": "/Users/mac/Desktop/Swift/Client/swift-protobuf/.build/x86_64-apple-macosx/release/SwiftProtobufPluginLibrary.build/Descriptor+Extensions~partial.swiftmodule",
    "swift-dependencies": "/Users/mac/Desktop/Swift/Client/swift-protobuf/.build/x86_64-apple-macosx/release/SwiftProtobufPluginLibrary.build/Descriptor+Extensions.swiftdeps"
  },
  "/Users/mac/Desktop/Swift/Client/swift-protobuf/Sources/SwiftProtobufPluginLibrary/Descriptor.swift": {
    "object": "/Users/mac/Desktop/Swift/Client/swift-protobuf/.build/x86_64-apple-macosx/release/SwiftProtobufPluginLibrary.build/Descriptor.swift.o",
    "swiftmodule": "/Users/mac/Desktop/Swift/Client/swift-protobuf/.build/x86_64-apple-macosx/release/SwiftProtobufPluginLibrary.build/Descriptor~partial.swiftmodule",
    "swift-dependencies": "/Users/mac/Desktop/Swift/Client/swift-protobuf/.build/x86_64-apple-macosx/release/SwiftProtobufPluginLibrary.build/Descriptor.swiftdeps"
  },
  "/Users/mac/Desktop/Swift/Client/swift-protobuf/Sources/SwiftProtobufPluginLibrary/FieldNumbers.swift": {
    "object": "/Users/mac/Desktop/Swift/Client/swift-protobuf/.build/x86_64-apple-macosx/release/SwiftProtobufPluginLibrary.build/FieldNumbers.swift.o",
    "swiftmodule": "/Users/mac/Desktop/Swift/Client/swift-protobuf/.build/x86_64-apple-macosx/release/SwiftProtobufPluginLibrary.build/FieldNumbers~partial.swiftmodule",
    "swift-dependencies": "/Users/mac/Desktop/Swift/Client/swift-protobuf/.build/x86_64-apple-macosx/release/SwiftProtobufPluginLibrary.build/FieldNumbers.swiftdeps"
  },
  "/Users/mac/Desktop/Swift/Client/swift-protobuf/Sources/SwiftProtobufPluginLibrary/Google_Protobuf_Compiler_CodeGeneratorResponse+Extensions.swift": {
    "object": "/Users/mac/Desktop/Swift/Client/swift-protobuf/.build/x86_64-apple-macosx/release/SwiftProtobufPluginLibrary.build/Google_Protobuf_Compiler_CodeGeneratorResponse+Extensions.swift.o",
    "swiftmodule": "/Users/mac/Desktop/Swift/Client/swift-protobuf/.build/x86_64-apple-macosx/release/SwiftProtobufPluginLibrary.build/Google_Protobuf_Compiler_CodeGeneratorResponse+Extensions~partial.swiftmodule",
    "swift-dependencies": "/Users/mac/Desktop/Swift/Client/swift-protobuf/.build/x86_64-apple-macosx/release/SwiftProtobufPluginLibrary.build/Google_Protobuf_Compiler_CodeGeneratorResponse+Extensions.swiftdeps"
  },
  "/Users/mac/Desktop/Swift/Client/swift-protobuf/Sources/SwiftProtobufPluginLibrary/Google_Protobuf_SourceCodeInfo+Extensions.swift": {
    "object": "/Users/mac/Desktop/Swift/Client/swift-protobuf/.build/x86_64-apple-macosx/release/SwiftProtobufPluginLibrary.build/Google_Protobuf_SourceCodeInfo+Extensions.swift.o",
    "swiftmodule": "/Users/mac/Desktop/Swift/Client/swift-protobuf/.build/x86_64-apple-macosx/release/SwiftProtobufPluginLibrary.build/Google_Protobuf_SourceCodeInfo+Extensions~partial.swiftmodule",
    "swift-dependencies": "/Users/mac/Desktop/Swift/Client/swift-protobuf/.build/x86_64-apple-macosx/release/SwiftProtobufPluginLibrary.build/Google_Protobuf_SourceCodeInfo+Extensions.swiftdeps"
  },
  "/Users/mac/Desktop/Swift/Client/swift-protobuf/Sources/SwiftProtobufPluginLibrary/NamingUtils.swift": {
    "object": "/Users/mac/Desktop/Swift/Client/swift-protobuf/.build/x86_64-apple-macosx/release/SwiftProtobufPluginLibrary.build/NamingUtils.swift.o",
    "swiftmodule": "/Users/mac/Desktop/Swift/Client/swift-protobuf/.build/x86_64-apple-macosx/release/SwiftProtobufPluginLibrary.build/NamingUtils~partial.swiftmodule",
    "swift-dependencies": "/Users/mac/Desktop/Swift/Client/swift-protobuf/.build/x86_64-apple-macosx/release/SwiftProtobufPluginLibrary.build/NamingUtils.swiftdeps"
  },
  "/Users/mac/Desktop/Swift/Client/swift-protobuf/Sources/SwiftProtobufPluginLibrary/ProtoFileToModuleMappings.swift": {
    "object": "/Users/mac/Desktop/Swift/Client/swift-protobuf/.build/x86_64-apple-macosx/release/SwiftProtobufPluginLibrary.build/ProtoFileToModuleMappings.swift.o",
    "swiftmodule": "/Users/mac/Desktop/Swift/Client/swift-protobuf/.build/x86_64-apple-macosx/release/SwiftProtobufPluginLibrary.build/ProtoFileToModuleMappings~partial.swiftmodule",
    "swift-dependencies": "/Users/mac/Desktop/Swift/Client/swift-protobuf/.build/x86_64-apple-macosx/release/SwiftProtobufPluginLibrary.build/ProtoFileToModuleMappings.swiftdeps"
  },
  "/Users/mac/Desktop/Swift/Client/swift-protobuf/Sources/SwiftProtobufPluginLibrary/ProvidesLocationPath.swift": {
    "object": "/Users/mac/Desktop/Swift/Client/swift-protobuf/.build/x86_64-apple-macosx/release/SwiftProtobufPluginLibrary.build/ProvidesLocationPath.swift.o",
    "swiftmodule": "/Users/mac/Desktop/Swift/Client/swift-protobuf/.build/x86_64-apple-macosx/release/SwiftProtobufPluginLibrary.build/ProvidesLocationPath~partial.swiftmodule",
    "swift-dependencies": "/Users/mac/Desktop/Swift/Client/swift-protobuf/.build/x86_64-apple-macosx/release/SwiftProtobufPluginLibrary.build/ProvidesLocationPath.swiftdeps"
  },
  "/Users/mac/Desktop/Swift/Client/swift-protobuf/Sources/SwiftProtobufPluginLibrary/ProvidesSourceCodeLocation.swift": {
    "object": "/Users/mac/Desktop/Swift/Client/swift-protobuf/.build/x86_64-apple-macosx/release/SwiftProtobufPluginLibrary.build/ProvidesSourceCodeLocation.swift.o",
    "swiftmodule": "/Users/mac/Desktop/Swift/Client/swift-protobuf/.build/x86_64-apple-macosx/release/SwiftProtobufPluginLibrary.build/ProvidesSourceCodeLocation~partial.swiftmodule",
    "swift-dependencies": "/Users/mac/Desktop/Swift/Client/swift-protobuf/.build/x86_64-apple-macosx/release/SwiftProtobufPluginLibrary.build/ProvidesSourceCodeLocation.swiftdeps"
  },
  "/Users/mac/Desktop/Swift/Client/swift-protobuf/Sources/SwiftProtobufPluginLibrary/SwiftLanguage.swift": {
    "object": "/Users/mac/Desktop/Swift/Client/swift-protobuf/.build/x86_64-apple-macosx/release/SwiftProtobufPluginLibrary.build/SwiftLanguage.swift.o",
    "swiftmodule": "/Users/mac/Desktop/Swift/Client/swift-protobuf/.build/x86_64-apple-macosx/release/SwiftProtobufPluginLibrary.build/SwiftLanguage~partial.swiftmodule",
    "swift-dependencies": "/Users/mac/Desktop/Swift/Client/swift-protobuf/.build/x86_64-apple-macosx/release/SwiftProtobufPluginLibrary.build/SwiftLanguage.swiftdeps"
  },
  "/Users/mac/Desktop/Swift/Client/swift-protobuf/Sources/SwiftProtobufPluginLibrary/SwiftProtobufInfo.swift": {
    "object": "/Users/mac/Desktop/Swift/Client/swift-protobuf/.build/x86_64-apple-macosx/release/SwiftProtobufPluginLibrary.build/SwiftProtobufInfo.swift.o",
    "swiftmodule": "/Users/mac/Desktop/Swift/Client/swift-protobuf/.build/x86_64-apple-macosx/release/SwiftProtobufPluginLibrary.build/SwiftProtobufInfo~partial.swiftmodule",
    "swift-dependencies": "/Users/mac/Desktop/Swift/Client/swift-protobuf/.build/x86_64-apple-macosx/release/SwiftProtobufPluginLibrary.build/SwiftProtobufInfo.swiftdeps"
  },
  "/Users/mac/Desktop/Swift/Client/swift-protobuf/Sources/SwiftProtobufPluginLibrary/SwiftProtobufNamer.swift": {
    "object": "/Users/mac/Desktop/Swift/Client/swift-protobuf/.build/x86_64-apple-macosx/release/SwiftProtobufPluginLibrary.build/SwiftProtobufNamer.swift.o",
    "swiftmodule": "/Users/mac/Desktop/Swift/Client/swift-protobuf/.build/x86_64-apple-macosx/release/SwiftProtobufPluginLibrary.build/SwiftProtobufNamer~partial.swiftmodule",
    "swift-dependencies": "/Users/mac/Desktop/Swift/Client/swift-protobuf/.build/x86_64-apple-macosx/release/SwiftProtobufPluginLibrary.build/SwiftProtobufNamer.swiftdeps"
  },
  "/Users/mac/Desktop/Swift/Client/swift-protobuf/Sources/SwiftProtobufPluginLibrary/UnicodeScalar+Extensions.swift": {
    "object": "/Users/mac/Desktop/Swift/Client/swift-protobuf/.build/x86_64-apple-macosx/release/SwiftProtobufPluginLibrary.build/UnicodeScalar+Extensions.swift.o",
    "swiftmodule": "/Users/mac/Desktop/Swift/Client/swift-protobuf/.build/x86_64-apple-macosx/release/SwiftProtobufPluginLibrary.build/UnicodeScalar+Extensions~partial.swiftmodule",
    "swift-dependencies": "/Users/mac/Desktop/Swift/Client/swift-protobuf/.build/x86_64-apple-macosx/release/SwiftProtobufPluginLibrary.build/UnicodeScalar+Extensions.swiftdeps"
  },
  "/Users/mac/Desktop/Swift/Client/swift-protobuf/Sources/SwiftProtobufPluginLibrary/plugin.pb.swift": {
    "object": "/Users/mac/Desktop/Swift/Client/swift-protobuf/.build/x86_64-apple-macosx/release/SwiftProtobufPluginLibrary.build/plugin.pb.swift.o",
    "swiftmodule": "/Users/mac/Desktop/Swift/Client/swift-protobuf/.build/x86_64-apple-macosx/release/SwiftProtobufPluginLibrary.build/plugin.pb~partial.swiftmodule",
    "swift-dependencies": "/Users/mac/Desktop/Swift/Client/swift-protobuf/.build/x86_64-apple-macosx/release/SwiftProtobufPluginLibrary.build/plugin.pb.swiftdeps"
  },
  "/Users/mac/Desktop/Swift/Client/swift-protobuf/Sources/SwiftProtobufPluginLibrary/swift_protobuf_module_mappings.pb.swift": {
    "object": "/Users/mac/Desktop/Swift/Client/swift-protobuf/.build/x86_64-apple-macosx/release/SwiftProtobufPluginLibrary.build/swift_protobuf_module_mappings.pb.swift.o",
    "swiftmodule": "/Users/mac/Desktop/Swift/Client/swift-protobuf/.build/x86_64-apple-macosx/release/SwiftProtobufPluginLibrary.build/swift_protobuf_module_mappings.pb~partial.swiftmodule",
    "swift-dependencies": "/Users/mac/Desktop/Swift/Client/swift-protobuf/.build/x86_64-apple-macosx/release/SwiftProtobufPluginLibrary.build/swift_protobuf_module_mappings.pb.swiftdeps"
  }
}
