{
  "": {
    "dependencies": "/Users/mac/Desktop/Swift/Client/swift-protobuf/.build/x86_64-apple-macosx/release/Conformance.build/Conformance.d",
    "object": "/Users/mac/Desktop/Swift/Client/swift-protobuf/.build/x86_64-apple-macosx/release/Conformance.build/Conformance.o",
    "swift-dependencies": "/Users/mac/Desktop/Swift/Client/swift-protobuf/.build/x86_64-apple-macosx/release/Conformance.build/master.swiftdeps"
  },
  "/Users/mac/Desktop/Swift/Client/swift-protobuf/Sources/Conformance/conformance.pb.swift": {
    "object": "/Users/mac/Desktop/Swift/Client/swift-protobuf/.build/x86_64-apple-macosx/release/Conformance.build/conformance.pb.swift.o",
    "swiftmodule": "/Users/mac/Desktop/Swift/Client/swift-protobuf/.build/x86_64-apple-macosx/release/Conformance.build/conformance.pb~partial.swiftmodule",
    "swift-dependencies": "/Users/mac/Desktop/Swift/Client/swift-protobuf/.build/x86_64-apple-macosx/release/Conformance.build/conformance.pb.swiftdeps"
  },
  "/Users/mac/Desktop/Swift/Client/swift-protobuf/Sources/Conformance/main.swift": {
    "object": "/Users/mac/Desktop/Swift/Client/swift-protobuf/.build/x86_64-apple-macosx/release/Conformance.build/main.swift.o",
    "swiftmodule": "/Users/mac/Desktop/Swift/Client/swift-protobuf/.build/x86_64-apple-macosx/release/Conformance.build/main~partial.swiftmodule",
    "swift-dependencies": "/Users/mac/Desktop/Swift/Client/swift-protobuf/.build/x86_64-apple-macosx/release/Conformance.build/main.swiftdeps"
  },
  "/Users/mac/Desktop/Swift/Client/swift-protobuf/Sources/Conformance/test_messages_proto2.pb.swift": {
    "object": "/Users/mac/Desktop/Swift/Client/swift-protobuf/.build/x86_64-apple-macosx/release/Conformance.build/test_messages_proto2.pb.swift.o",
    "swiftmodule": "/Users/mac/Desktop/Swift/Client/swift-protobuf/.build/x86_64-apple-macosx/release/Conformance.build/test_messages_proto2.pb~partial.swiftmodule",
    "swift-dependencies": "/Users/mac/Desktop/Swift/Client/swift-protobuf/.build/x86_64-apple-macosx/release/Conformance.build/test_messages_proto2.pb.swiftdeps"
  },
  "/Users/mac/Desktop/Swift/Client/swift-protobuf/Sources/Conformance/test_messages_proto3.pb.swift": {
    "object": "/Users/mac/Desktop/Swift/Client/swift-protobuf/.build/x86_64-apple-macosx/release/Conformance.build/test_messages_proto3.pb.swift.o",
    "swiftmodule": "/Users/mac/Desktop/Swift/Client/swift-protobuf/.build/x86_64-apple-macosx/release/Conformance.build/test_messages_proto3.pb~partial.swiftmodule",
    "swift-dependencies": "/Users/mac/Desktop/Swift/Client/swift-protobuf/.build/x86_64-apple-macosx/release/Conformance.build/test_messages_proto3.pb.swiftdeps"
  }
}
